date,daynum,1,2,3,4,5,6,7,8,9,10,11,12,13,14,15,16,17,18,19,20,21,22,23,24,25,26,27,28,29,30,31,32,33,34,35,36,37,38,39,40,41,42,43,44,45,46,47,48,49,50,51,52,53,54,55,56,57,58,59,60,61,62,63,64,65,66,67,68,69,70,71,72,73,74,75,76,77,78,79,80,81,82,83,84,85,86,87,88,89,90,91,92,93,94,95,96,97,98,99,100,101,102,103,104,105,106,107,108,109,110,111,112,113,114,115,116,117,118,119,120,121,122,123,124,125,126,127,128,129,130,131,132,133,134,135,136,137,138,139,140,141,142,143,144,145,146,147,148,149,150,151,152,153,154,155,156,157,158,159,160,161,162,163,164,165,166,167,168,169,170,171,172,173,174,175,176,177,178,179,180,181,182,183,184,185,186,187,188,189,190,191,192,193,194,195,196,197,198,199,200,201,202,203,204,205,206,207,208,209,210,211,212,213,214,215,216,217,218,219,220,221,222,223,224,225,226,227,228,229,230,231,232,233,234,235,236,237,238,239,240,241,242,243,244,245,246,247,248,249,250,251,252,253,254,255,256,257,258,259,260,261,262,263,264,265,266,267,268,269,270,271,272,273,274,275,276,277,278,279,280,281,282,283,284,285,286,287,288,289,290,291,292,293,294,295,296,297,298,299,300,301,302,303,304,305,306,307,308,309,310,311,312,313,314,315,316,317,318,319,320,321,322,323,324,325,326,327,328,329,330,331,332,333,334,335,336,337,338,339,340,341
24-Nov,1,191,277,151,500,0,496,749,606,713,454,333,94,401,243,338,190,340,872,599,471,854,301,231,655,408,573,143,334,416,402,484,431,223,159,624,-1144,423,686,116,73,337,578,372,282,599,429,159,654,193,134,541,312,615,264,583,796,103,658,748,692,95,192,103,136,408,446,1040,508,90,426,545,310,236,322,623,695,207,252,175,1435,269,448,428,84,621,496,476,554,0,160,925,471,289,142,192,190,741,293,172,435,588,355,746,203,817,502,283,561,364,356,398,247,314,825,437,519,407,682,350,363,374,301,498,222,561,683,434,307,608,595,176,319,358,125,449,493,599,462,384,360,273,582,305,856,545,677,341,641,437,300,255,209,333,305,128,223,183,511,372,273,679,0,694,602,420,173,1024,208,260,703,258,511,250,155,275,229,288,759,734,236,265,495,290,383,236,603,785,267,670,363,154,886,527,567,367,218,459,323,349,291,484,556,315,739,298,599,706,632,654,666,136,548,386,485,284,279,514,203,438,296,571,501,325,589,315,176,265,282,1326,0,301,426,1184,591,615,736,559,2777,466,467,341,0,285,571,350,273,1887,248,481,564,304,453,0,711,47,692,226,227,0,361,744,0,454,387,0,596,182,283,263,0,289,196,226,299,454,61,0,550,228,472,463,589,342,192,0,155,1364,1419,718,292,0,475,322,51,970,0,51,418,639,1074,466,671,327,310,0,117,722,98,0,749,97,4517,562,439,780,463,546,512,262,646,694,0,272,261,655,292,557,0,331,8333,210,702,147,736,77,1311,488,343,16667,733,266
23-Nov,2,192,265,149,488,0,498,756,562,687,423,310,94,381,230,323,184,345,819,565,490,847,286,238,627,396,579,137,316,389,402,477,420,228,159,595,-1373,400,549,121,73,323,597,396,267,585,405,169,615,178,156,517,353,584,255,559,752,89,623,717,724,96,180,103,124,405,487,1020,501,68,457,485,307,237,348,675,650,208,246,171,1435,272,451,430,84,582,480,463,531,0,200,922,450,286,107,168,189,729,290,172,393,576,369,708,180,776,516,262,548,350,350,390,281,314,742,399,492,379,661,367,334,376,271,469,222,562,625,414,297,589,576,165,303,362,83,449,480,564,433,377,350,252,545,284,834,533,700,315,589,374,289,223,209,315,316,128,224,160,497,359,283,684,0,648,576,413,169,995,208,248,684,258,493,313,146,278,244,288,754,734,236,261,473,285,351,227,561,807,263,641,372,0,850,515,555,356,206,459,377,348,291,485,513,311,700,281,570,666,633,632,620,136,535,386,503,278,263,494,198,426,292,534,487,313,550,323,163,337,275,1127,0,339,419,1184,590,540,689,559,2777,440,456,170,0,285,553,373,273,1573,373,441,609,912,491,0,672,62,633,226,227,0,361,680,0,303,383,0,477,182,142,228,0,289,196,226,599,562,61,0,546,171,348,463,561,342,181,0,129,1818,1168,730,279,0,594,322,102,970,0,103,410,564,1074,388,587,268,287,0,117,761,98,0,749,75,5162,0,439,891,474,502,384,253,630,694,0,363,261,702,293,508,0,304,8333,105,671,147,720,77,1192,488,317,16667,693,299
22-Nov,3,177,243,119,423,0,450,695,501,597,381,246,0,344,193,276,162,288,704,515,412,764,254,210,568,363,509,125,297,351,366,456,372,219,159,560,-1831,358,412,106,55,295,518,369,232,546,360,149,546,185,134,435,292,529,229,500,705,96,572,643,659,72,162,51,124,368,443,939,466,68,415,441,287,192,339,580,597,195,183,144,956,229,405,422,84,513,430,403,523,0,120,861,429,235,83,168,167,641,262,172,337,472,299,623,149,655,465,229,524,309,323,362,264,304,694,348,433,337,613,333,354,345,241,394,194,528,595,380,279,529,535,153,265,305,83,400,414,504,418,352,330,217,446,271,592,462,670,276,512,373,265,191,209,282,316,128,203,115,442,299,228,654,0,538,532,364,151,901,208,210,603,243,435,282,164,253,229,252,687,668,166,240,450,255,332,226,461,785,223,577,353,0,758,486,491,367,172,459,377,349,205,455,477,263,623,239,505,562,566,543,571,136,499,325,456,256,239,434,192,409,260,498,434,293,491,282,113,313,236,596,0,326,387,1144,472,497,573,559,2777,337,404,170,0,285,523,334,296,944,373,401,542,912,454,0,607,62,581,226,193,0,241,617,0,303,342,0,437,91,71,217,0,289,147,212,599,515,0,0,537,171,323,463,533,342,191,0,77,909,1252,706,241,0,594,322,102,970,0,103,395,564,1181,388,419,357,249,0,117,697,98,0,749,59,4516,0,439,780,395,439,384,238,629,694,0,333,196,646,250,477,0,308,0,0,518,147,669,77,834,516,291,0,618,249
21-Nov,4,182,232,113,405,0,444,673,507,573,378,247,94,344,189,256,162,274,712,511,423,797,229,210,559,381,498,131,277,339,364,450,345,229,159,557,-1144,361,412,121,55,282,474,363,214,564,328,140,535,185,120,428,302,528,241,497,720,104,559,639,643,73,157,51,111,347,434,959,413,68,409,436,288,182,398,584,604,180,187,137,956,246,390,430,72,505,430,415,547,0,80,887,443,228,107,168,159,641,271,172,351,473,299,613,156,601,451,196,549,309,330,347,264,297,665,349,431,372,579,368,354,348,211,379,194,528,603,383,260,535,544,170,258,287,83,371,417,512,418,349,340,203,446,273,571,466,746,289,540,349,257,191,232,263,339,128,203,138,438,319,222,659,0,526,533,369,160,925,208,210,603,243,416,282,183,236,229,252,709,625,166,231,450,251,331,207,445,698,236,606,352,0,782,470,476,356,183,306,323,410,205,459,446,267,627,263,488,575,556,537,452,136,473,325,471,232,255,447,174,386,275,479,418,299,481,294,138,337,237,596,0,339,384,1144,458,471,594,559,2777,324,416,170,0,285,476,350,296,944,373,521,520,912,397,0,604,62,549,207,170,0,180,589,0,303,338,0,397,91,71,222,0,241,196,226,599,554,0,0,532,171,374,463,645,228,181,0,52,909,1169,670,254,0,475,322,102,808,0,103,418,714,1181,311,419,298,231,0,233,702,98,0,749,64,4516,0,219,668,361,432,384,234,580,695,0,272,196,723,232,477,0,290,0,-105,508,147,676,154,834,706,291,0,588,216
20-Nov,5,172,229,104,392,0,480,630,512,520,362,238,94,338,193,240,150,249,659,468,386,764,211,221,530,373,482,132,243,318,341,477,311,213,159,548,2059,347,480,121,55,264,443,327,204,554,327,111,506,193,105,364,281,517,232,480,702,81,534,610,616,63,156,0,111,327,403,906,390,68,390,387,277,218,365,585,560,154,170,138,956,239,354,454,84,498,409,426,538,0,80,865,470,254,107,144,152,633,249,172,337,458,258,603,204,545,397,185,524,275,297,340,256,301,560,333,369,350,541,333,344,348,181,376,222,528,572,332,251,506,521,194,238,273,124,332,393,459,389,353,354,186,409,287,549,452,739,296,494,337,254,223,302,250,328,128,193,161,396,280,228,610,0,486,504,338,132,862,234,185,548,228,406,313,174,205,213,252,670,604,166,205,360,238,322,207,453,611,218,599,284,0,743,447,472,378,195,230,323,395,234,477,420,226,606,254,418,601,522,500,416,163,446,326,474,249,242,404,165,388,267,446,393,303,494,276,125,313,216,596,0,363,387,878,369,471,540,559,2777,285,394,170,0,285,440,319,296,315,373,521,564,912,378,0,592,78,497,207,159,0,120,549,0,303,343,0,318,91,71,232,0,144,196,226,599,515,0,0,523,171,373,309,560,228,149,0,52,1364,1085,634,250,0,475,483,102,808,0,103,395,751,1181,466,168,238,219,0,233,667,98,0,749,54,4516,0,219,724,249,392,256,234,646,849,60,242,196,694,215,453,66,244,0,-105,407,147,610,231,715,733,318,0,504,183
19-Nov,6,163,213,93,363,0,472,599,474,478,329,249,93,312,172,227,142,241,643,448,383,706,191,226,510,377,456,131,230,317,332,470,294,218,106,523,2059,331,411,111,55,242,422,330,183,527,315,135,475,193,111,353,260,469,222,436,635,74,505,578,580,66,172,0,111,297,383,842,354,60,371,337,263,227,382,541,513,146,151,130,478,236,352,427,72,446,393,403,506,0,80,841,477,254,95,144,167,634,249,172,337,415,244,565,227,512,367,186,499,255,297,318,255,288,494,301,362,364,521,332,344,340,151,383,195,538,534,354,232,462,548,188,230,241,124,344,400,471,404,330,346,190,384,263,505,441,724,249,478,337,229,255,302,269,340,128,179,184,385,266,211,626,0,432,486,350,113,846,234,152,520,207,385,344,183,205,244,216,616,604,142,188,338,225,310,189,432,502,196,598,279,0,728,424,431,367,195,230,377,399,233,496,400,226,560,256,425,548,458,465,369,217,419,325,474,236,237,384,157,365,268,424,362,297,458,284,138,337,193,464,0,338,356,735,413,434,533,559,2777,272,320,0,0,285,434,342,273,315,414,442,496,1216,303,0,549,93,509,207,136,0,60,535,0,303,336,0,358,91,71,232,0,145,245,241,599,446,0,0,492,171,323,309,560,228,128,0,52,1818,918,574,237,0,712,483,102,647,0,103,372,714,1181,389,168,268,186,0,233,688,98,0,749,59,4516,281,219,613,248,368,256,234,662,849,60,212,196,684,232,421,66,249,0,-105,407,147,595,231,476,733,265,0,470,233
18-Nov,7,139,198,85,375,0,426,514,462,427,317,246,93,285,169,217,130,225,612,411,377,603,186,217,460,331,407,113,229,292,286,443,292,209,53,485,3661,319,274,106,18,214,378,288,163,502,286,130,429,170,109,332,265,436,217,408,614,88,480,546,527,64,162,0,98,275,359,768,307,45,333,288,238,173,373,488,457,135,140,114,957,236,311,384,48,428,366,390,506,0,80,794,430,245,95,176,137,614,262,172,309,416,230,518,234,426,335,186,374,248,290,318,229,267,454,263,335,364,491,315,315,332,211,362,195,527,501,304,260,399,493,182,196,218,207,305,369,419,375,306,329,197,384,256,438,389,624,243,430,324,223,287,302,273,316,128,179,184,355,253,178,593,0,413,448,310,118,800,260,157,481,184,342,376,201,186,228,144,580,475,118,164,383,206,277,180,368,415,169,543,279,-154,680,412,370,398,207,154,377,352,292,485,383,223,520,260,378,522,395,439,369,271,387,387,424,247,220,371,152,350,247,374,341,287,442,268,138,409,168,397,0,275,337,633,355,333,438,466,1852,246,298,0,0,285,387,327,251,0,414,482,383,1216,284,0,508,125,484,226,102,0,60,478,0,303,315,0,199,91,71,217,0,97,245,184,598,454,0,0,519,171,298,232,532,228,85,0,52,1818,835,550,204,0,712,322,102,646,0,103,365,676,1181,389,168,238,157,0,233,618,98,0,749,80,3871,281,219,557,226,332,256,205,630,849,60,272,130,655,215,378,66,226,0,-105,346,148,579,231,476,733,159,0,393,233
17-Nov,8,110,175,74,304,0,410,454,435,397,280,243,187,281,152,197,126,194,574,373,355,608,173,203,408,286,360,101,199,279,281,361,260,183,53,473,4348,273,206,106,18,193,366,297,150,481,277,125,380,155,100,346,242,404,191,361,563,96,442,509,476,61,143,0,111,233,322,772,301,45,314,207,217,155,373,436,435,127,135,104,957,223,300,379,48,391,347,365,506,0,80,791,437,212,95,207,114,576,243,172,267,383,216,451,242,352,308,153,299,227,277,311,229,244,447,270,318,343,436,297,325,297,181,345,167,505,468,304,288,361,447,205,148,209,207,278,366,384,353,291,306,183,346,249,394,381,617,243,415,349,201,223,348,241,316,128,165,207,344,219,172,597,0,419,433,293,113,780,234,139,490,162,294,376,201,183,214,108,553,475,71,161,270,206,243,160,363,393,178,549,274,-154,642,421,314,387,195,154,377,299,321,423,350,202,483,248,337,470,359,397,334,216,340,285,423,231,218,365,155,349,254,357,301,275,407,262,150,409,149,397,0,250,304,531,354,314,445,466,1852,220,253,0,0,427,363,296,205,0,372,522,406,1216,189,0,470,125,451,189,125,0,60,434,0,303,297,0,159,91,213,207,0,97,245,184,598,400,0,0,452,114,298,232,420,228,139,0,52,1363,835,526,200,0,593,322,102,646,0,103,357,714,1181,311,168,238,147,0,233,549,98,0,375,97,3226,281,0,613,215,324,256,200,547,849,121,242,130,624,189,359,66,167,0,-105,336,148,553,308,596,706,159,0,341,200
16-Nov,9,110,164,75,292,0,398,425,413,378,286,232,187,261,148,191,124,189,581,374,340,600,158,194,398,277,358,95,199,275,252,368,250,178,106,462,4805,257,137,96,18,171,361,273,141,478,280,135,381,146,97,314,237,412,181,370,557,96,430,477,446,54,135,0,99,221,293,731,291,45,332,213,217,145,356,416,415,130,118,103,1435,196,273,347,60,375,332,329,499,0,80,742,443,209,95,191,114,563,227,172,267,348,195,441,227,308,286,142,274,227,158,282,203,240,422,260,307,344,409,262,354,277,151,323,139,447,449,310,279,347,437,200,134,195,207,272,358,366,346,286,289,193,310,255,351,358,587,223,399,337,187,192,371,231,305,128,158,207,314,200,172,596,0,408,416,271,104,756,208,135,458,154,296,376,182,172,214,108,522,409,71,161,270,204,224,160,337,392,174,534,265,-154,623,401,307,397,195,154,377,305,292,408,339,182,455,245,296,378,320,379,310,189,337,224,434,205,218,362,147,327,242,291,280,265,403,256,163,385,140,265,0,238,276,531,310,308,405,186,0,194,265,0,0,427,345,373,160,0,372,522,406,1216,207,0,475,141,437,188,125,0,60,434,0,152,309,0,159,91,213,207,0,97,196,127,598,377,0,0,421,114,298,154,420,228,149,0,52,1363,918,466,204,0,594,322,102,646,0,103,380,714,1181,311,168,238,139,0,233,539,98,0,0,92,3871,281,0,557,192,314,256,210,481,772,121,272,130,616,163,347,66,122,0,105,316,148,528,308,596,706,133,0,344,183
15-Nov,10,110,156,71,280,0,396,386,385,367,272,223,187,243,139,180,116,178,559,361,319,566,153,191,339,254,351,89,172,263,241,334,245,178,106,421,4119,248,137,92,0,171,334,249,137,461,265,139,370,146,97,321,232,402,161,357,542,74,394,447,448,63,125,0,111,197,281,642,283,38,325,239,205,145,305,445,400,123,110,99,1435,190,262,330,60,366,316,342,467,0,80,689,416,196,95,175,106,545,219,172,253,312,195,405,211,329,234,109,249,234,152,275,193,234,411,250,290,337,359,262,334,272,181,307,166,436,422,288,260,322,414,200,124,188,249,244,353,343,303,287,278,189,334,244,285,334,533,216,393,312,176,192,418,194,305,96,148,207,295,160,178,568,0,377,396,262,108,687,208,132,458,162,284,345,191,160,199,108,478,453,71,159,248,204,223,151,327,327,174,543,254,-154,583,386,287,388,183,154,377,302,292,397,336,174,437,230,291,353,314,353,321,189,316,204,409,202,212,350,144,315,231,263,266,259,395,245,150,385,122,199,0,213,278,552,310,295,357,186,0,182,224,0,0,427,327,373,114,0,414,522,384,1216,226,0,454,188,412,188,102,0,60,413,0,152,295,0,159,91,213,197,0,97,245,155,449,462,61,0,399,114,273,154,364,114,128,0,52,1818,835,442,196,0,594,322,102,646,0,103,372,714,1289,311,168,297,138,0,350,500,98,0,0,97,3226,281,0,501,169,312,128,162,481,849,181,211,98,599,180,340,66,108,0,105,325,148,464,308,596,706,106,0,315,166
14-Nov,11,105,141,73,244,0,348,367,361,346,260,203,187,234,135,173,110,173,490,335,306,526,151,187,307,241,314,89,155,259,215,314,224,168,106,407,4119,237,205,72,0,185,321,228,136,456,246,140,347,146,83,328,214,398,147,351,526,74,344,395,432,61,121,0,99,199,243,625,266,23,312,229,197,145,297,407,376,115,106,94,1435,170,243,320,48,357,306,305,466,0,80,721,396,184,83,167,107,519,216,172,281,317,195,377,196,279,229,99,225,214,145,246,176,204,371,250,260,372,347,227,295,259,181,285,139,401,380,282,241,313,404,205,97,170,249,228,351,316,253,271,262,193,335,222,263,324,540,229,371,287,180,192,395,195,258,64,144,207,287,147,166,568,0,386,390,247,117,683,182,119,445,147,259,282,155,163,214,72,474,474,48,152,248,195,231,141,293,218,165,572,260,-154,593,386,276,326,183,154,323,292,292,365,317,150,415,221,279,340,305,336,226,216,291,244,362,200,202,323,140,290,227,271,244,246,398,253,138,385,108,132,0,201,278,490,281,320,351,186,0,143,217,0,0,427,327,380,114,0,332,602,361,1216,245,0,439,187,360,151,91,0,60,388,0,152,266,0,159,182,213,182,148,97,343,141,449,431,244,0,333,57,323,77,336,0,127,0,52,1818,584,383,187,0,594,322,102,485,0,103,379,639,1396,311,0,327,127,0,233,490,49,0,0,86,3226,281,0,445,181,294,0,162,398,540,181,211,65,560,146,335,66,95,0,105,316,148,408,308,596,624,80,0,298,150
13-Nov,12,96,117,80,203,0,318,332,338,318,247,191,187,216,119,153,86,143,474,306,294,472,128,179,289,204,302,83,147,240,192,266,201,152,106,359,3661,216,205,73,19,165,317,219,121,432,244,116,323,131,83,306,196,373,119,331,506,66,323,336,392,54,105,0,62,170,237,573,241,23,290,223,172,127,296,407,348,100,96,84,1435,157,218,287,48,318,279,305,426,0,80,643,369,189,60,167,107,505,210,172,253,290,174,318,195,252,194,99,187,199,145,196,158,187,316,229,226,344,308,192,256,239,181,261,111,378,356,266,260,265,363,193,86,154,249,205,340,265,231,248,228,186,310,219,263,289,487,223,322,287,166,160,372,162,223,96,124,184,248,127,155,514,0,362,354,230,118,634,182,93,422,118,229,219,146,124,244,36,406,474,47,144,225,185,213,132,259,196,156,517,240,0,534,344,245,337,184,153,162,277,234,299,279,125,376,198,256,314,291,339,238,243,269,245,355,194,181,307,130,251,203,252,239,234,390,208,113,240,99,132,0,200,292,429,281,289,337,93,0,155,206,0,0,427,315,381,114,0,332,602,271,1216,302,0,404,187,281,151,79,0,60,351,0,152,232,0,119,0,213,147,148,97,343,113,449,431,244,0,319,0,274,77,336,0,127,0,52,1818,334,359,204,0,594,322,102,485,0,52,349,564,1289,78,0,327,111,0,233,509,49,0,0,75,3226,281,0,334,135,272,0,143,414,540,181,211,97,518,146,353,66,105,0,105,305,74,330,308,357,597,80,0,258,133
12-Nov,13,72,87,71,143,0,202,260,258,253,203,171,187,165,107,119,74,118,329,245,251,403,100,141,229,137,249,59,97,189,140,204,166,132,159,280,3204,161,205,63,37,133,260,192,94,333,181,92,237,77,80,246,195,310,98,259,402,52,236,267,299,50,85,0,49,128,188,427,122,23,233,174,104,82,237,373,275,58,77,64,479,118,164,208,48,233,218,207,314,0,40,524,300,132,48,135,91,404,152,0,183,235,139,259,156,154,151,87,162,124,112,173,132,143,240,205,187,288,208,140,227,171,90,210,83,184,284,205,260,224,261,176,83,124,166,128,267,197,180,164,224,158,260,163,153,239,442,191,245,174,109,128,325,125,187,64,85,161,172,74,111,639,0,278,276,189,99,509,130,64,335,88,158,157,119,96,168,36,311,366,47,126,247,147,157,103,219,109,125,420,205,0,430,243,152,265,126,230,161,266,234,208,233,113,257,165,180,248,199,252,143,189,207,204,243,167,146,261,87,231,190,191,163,178,307,169,88,240,66,0,0,162,236,449,266,245,256,0,0,90,206,0,0,142,262,380,46,0,249,481,316,912,246,0,337,187,157,132,69,0,0,276,0,152,175,0,40,0,142,121,148,49,245,113,449,408,244,0,262,0,224,0,196,0,116,0,26,1818,250,227,162,0,356,322,102,484,0,52,256,413,322,78,0,298,60,0,233,455,0,0,0,64,1290,281,0,334,136,214,0,129,315,386,181,211,32,440,129,267,66,95,0,105,234,74,245,231,119,516,27,0,198,83
11-Nov,14,91,109,80,179,0,240,291,341,314,227,180,187,194,140,151,92,143,421,278,284,443,113,157,261,159,274,77,120,229,165,211,188,153,370,309,4119,189,274,72,92,172,300,207,129,389,211,102,289,124,103,278,203,350,116,298,463,52,285,293,336,59,97,0,74,143,215,533,144,30,271,185,134,100,289,388,325,69,88,78,957,128,201,252,48,274,259,231,378,0,40,606,314,160,48,167,106,451,188,0,253,290,167,308,164,210,186,109,200,165,106,173,159,167,294,220,215,309,261,140,245,213,181,243,83,241,322,247,278,264,288,200,100,149,166,177,314,237,217,190,265,190,273,187,219,286,494,250,294,274,127,160,371,148,199,64,108,161,220,120,122,684,0,345,330,214,122,603,156,77,405,111,211,188,128,113,198,36,369,431,47,142,292,173,200,122,258,130,160,496,255,0,494,302,190,346,138,230,161,305,234,229,273,121,303,192,233,313,262,290,166,243,225,244,293,187,165,302,106,271,210,252,219,215,362,208,88,312,94,0,0,187,255,551,280,270,297,0,0,103,239,0,0,427,274,419,46,0,331,521,294,912,303,0,375,187,202,151,103,0,60,320,0,152,200,0,79,0,142,131,148,49,343,113,449,446,244,0,284,0,224,0,224,0,181,0,26,1818,250,251,196,0,475,322,102,646,0,52,317,451,752,78,0,357,80,0,350,504,49,0,0,75,1936,281,0,334,158,255,256,148,348,463,241,211,32,479,129,341,132,132,0,105,264,74,304,308,357,516,27,0,252,100
